pfam,name,pm30,pm70,pm91,pm159,x1229A_2_15,x1229D_1_1,x1229D_4_5pfam00557,Peptidase_M24 - Metallopeptidase family M24,97,16,17,21,10,14,33pfam01546,Peptidase_M20 - Peptidase family M20/M25/M40,58,23,35,27,2,9,21pfam01435,Peptidase_M48 - Peptidase family M48,33,6,9,14,5,5,21pfam00082,Peptidase_S8 - Subtilase family,54,11,10,15,12,17,19pfam07687,M20_dimer - Peptidase dimerisation domain,40,17,20,19,2,8,14pfam02163,Peptidase_M50 - Peptidase family M50,50,18,16,16,2,9,13pfam00326,Peptidase_S9 - Prolyl oligopeptidase family,48,12,8,7,2,12,11pfam00717,Peptidase_S24 - Peptidase S24-like,34,20,22,19,11,8,10pfam01364,Peptidase_C25 - Peptidase family C25,19,,,,1,14,8pfam13620,CarboxypepD_reg - Carboxypeptidase regulatory-like domain,47,3,2,1,8,7,8pfam02073,Peptidase_M29 - Thermophilic metalloprotease (M29),12,1,1,1,,7,8pfam00905,Transpeptidase - Penicillin binding protein transpeptidase domain,52,27,20,24,1,4,8pfam13365,Trypsin_2 - Trypsin-like peptidase domain,34,7,11,11,7,4,8pfam02074,Peptidase_M32 - Carboxypeptidase Taq (M32) metallopeptidase,4,1,,1,2,3,8pfam00814,Peptidase_M22 - Glycoprotease family,38,9,6,4,2,2,8pfam01551,Peptidase_M23 - Peptidase family M23,40,8,10,8,3,5,7pfam05343,Peptidase_M42 - M42 glutamyl aminopeptidase,28,1,1,3,,5,7pfam01478,Peptidase_A24 - Type IV leader peptidase family,14,5,3,6,3,5,6pfam07998,Peptidase_M54 - Peptidase family M54,9,,,,1,2,5pfam06750,DiS_P_DiS - Bacterial Peptidase A24 N-terminal domain,5,2,1,3,1,1,4pfam05193,Peptidase_M16_C - Peptidase M16 inactive domain,27,9,9,11,3,1,4pfam01343,Peptidase_S49 - Peptidase family S49,22,4,8,6,,1,4pfam03577,Peptidase_C69 - Peptidase family C69,6,,,,,2,3pfam00883,"Peptidase_M17 - Cytosol aminopeptidase family, catalytic domain",17,3,3,6,1,2,3pfam01252,Peptidase_A8 - Signal peptidase (SPase) II,16,8,7,6,3,1,3pfam12389,Peptidase_M73 - Camelysin metallo-endopeptidase,14,,,,2,,3pfam01434,Peptidase_M41 - Peptidase family M41,23,10,10,9,,6,2pfam13485,Peptidase_MA_2 - Peptidase MA superfamily,22,,1,,3,4,2pfam03576,Peptidase_S58 - Peptidase family S58,11,5,3,3,,4,2pfam01019,G_glu_transpept - Gamma-glutamyltranspeptidase,23,6,3,11,,3,2pfam00675,Peptidase_M16 - Insulinase (Peptidase family M16),22,5,5,5,3,2,2pfam04586,Peptidase_U35 - Caudovirus prohead protease,9,1,,,,2,2pfam06847,Arc_PepC_II - Archaeal Peptidase A24 C-terminus Type II,2,,,,1,1,2pfam00656,Peptidase_C14 - Caspase domain,19,1,3,4,1,1,2pfam07722,Peptidase_C26 - Peptidase C26,6,1,1,1,,1,2pfam04951,Peptidase_M55 - D-aminopeptidase,8,1,2,2,2,1,2pfam02129,Peptidase_S15 - X-Pro dipeptidyl-peptidase (S15 family),14,1,3,3,1,1,2pfam02129,Peptidase_S15 - X-Pro dipeptidyl-peptidase (S15 family),14,1,3,3,1,1,2pfam01136,Peptidase_U32 - Peptidase family U32,10,1,,5,,1,2pfam00112,Peptidase_C1 - Papain family cysteine protease,11,7,5,8,2,,2pfam05547,Peptidase_M6 - Immune inhibitor A peptidase M6,1,,,,,5,1pfam08291,Peptidase_M15_3 - Peptidase M15,2,2,,2,,3,1pfam08530,PepX_C - X-Pro dipeptidyl-peptidase C-terminal non-catalytic domain,11,,,2,,3,1pfam13529,Peptidase_C39_2 - Peptidase_C39 like family,11,,1,1,2,2,1pfam05569,Peptidase_M56 - BlaR1 peptidase M56,3,,1,1,,2,1pfam03415,Peptidase_C11 - Clostripain family,6,,,,,1,1pfam03412,Peptidase_C39 - Peptidase C39 family,4,4,8,6,,1,1pfam04151,PPC - Bacterial pre-peptidase C-terminal domain,2,,,,1,1,1pfam03413,PepSY - Peptidase propeptide and YPEB domain,3,,1,2,,,1pfam13398,Peptidase_M50B - Peptidase M50B-like,1,,,,,,1pfam04298,Zn_peptidase_2 - Putative neutral zinc metallopeptidase,2,,1,,,,1pfam03572,Peptidase_S41 - Peptidase family S41,28,5,6,10,,7,pfam00246,Peptidase_M14 - Zinc carboxypeptidase,7,2,5,2,1,5,pfam04389,Peptidase_M28 - Peptidase family M28,17,2,3,2,1,3,pfam01432,Peptidase_M3 - Peptidase family M3,13,5,10,12,,3,pfam01244,Peptidase_M19 - Membrane dipeptidase (Peptidase family M19),11,3,3,9,3,2,pfam14550,Peptidase_U35_2 - Putative phage protease XkdF,,,,,,2,pfam14399,Transpep_BrtH - NlpC/p60-like transpeptidase,2,,,1,,2,pfam02557,VanY - D-alanyl-D-alanine carboxypeptidase,,,1,,,2,pfam08367,M16C_assoc - Peptidase M16C associated,,4,1,2,,1,pfam04096,Nucleoporin2 - Nucleoporin autopeptidase,,,,,,1,pfam01650,Peptidase_C13 - Peptidase C13 family,2,2,3,2,,1,pfam13539,Peptidase_M15_4 - D-alanyl-D-alanine carboxypeptidase,1,1,1,4,,1,pfam05299,Peptidase_M61 - M61 glycyl aminopeptidase,,5,1,5,,1,pfam00450,Peptidase_S10 - Serine carboxypeptidase,4,2,2,3,,1,pfam02113,Peptidase_S13 - D-Ala-D-Ala carboxypeptidase 3 (S13) family,3,2,2,4,,1,pfam10502,"Peptidase_S26 - Signal peptidase, peptidase S26",10,4,4,4,1,1,pfam03734,"YkuD - L,D-transpeptidase catalytic domain",17,12,7,8,,1,pfam05195,"AMP_N - Aminopeptidase P, N-terminal domain",3,3,4,1,,,pfam06819,Arc_PepC - Archaeal Peptidase A24 C-terminal Domain,1,,,,,,pfam14521,Aspzincin_M35 - Lysine-specific metallo-endopeptidase,,,,,,,pfam01400,Astacin - Astacin (Peptidase family M12A),1,,,,,,pfam04450,BSP - Peptidase of plants and bacteria,,,,,,,pfam05388,Carbpep_Y_N - Carboxypeptidase Y pro-peptide,,,,,,,pfam07930,"DAP_B - D-aminopeptidase, domain B",,,,,,,pfam07932,"DAP_C - D-aminopeptidase, domain C",,,,,,,pfam00930,DPPIV_N - Dipeptidyl peptidase IV (DPP IV) N-terminal region,3,3,,,1,,pfam13933,HRXXH - Putative peptidase family,,,,,,,pfam13402,M60-like - Peptidase M60-like family,,,,,,,pfam05223,MecA_N - NTF2-like N-terminal transpeptidase domain,,,,,,,pfam12044,Metallopep - Putative peptidase family,,,,,,,pfam14756,Pdase_C33_assoc - Peptidase_C33-associated domain,,,,,,,pfam13670,PepSY_2 - Peptidase propeptide and YPEB domain,1,2,1,6,,,pfam05380,Peptidase_A17 - Pao retrotransposon peptidase,1,,,,,,pfam03566,Peptidase_A21 - Peptidase family A21,,,,,,,pfam04258,Peptidase_A22B - Signal peptide peptidase,,,,,,,pfam03418,Peptidase_A25 - Germination protease,,,,,,,pfam12384,Peptidase_A2B - Ty3 transposon peptidase,,,,,,,pfam12382,Peptidase_A2E - Retrotransposon peptidase,,,,,,,pfam02160,Peptidase_A3 - Cauliflower mosaic virus peptidase (A3),,,,,,,pfam01828,Peptidase_A4 - Peptidase A4 family,,,,,,,pfam01829,Peptidase_A6 - Peptidase A6 family,,,,,,,pfam03051,Peptidase_C1_2 - Peptidase C1-like family,1,,,,,,pfam01640,Peptidase_C10 - Peptidase C10 family,1,,,,,,pfam01088,"Peptidase_C12 - Ubiquitin carboxyl-terminal hydrolase, family 1",,,,,,,pfam01470,Peptidase_C15 - Pyroglutamyl peptidase,3,1,3,4,,,pfam01831,Peptidase_C16 - Peptidase C16 family,,,,,,,pfam00648,Peptidase_C2 - Calpain family cysteine protease,,,,,,,pfam05381,Peptidase_C21 - Tymovirus endopeptidase,,,,,,,pfam05379,Peptidase_C23 - Carlavirus endopeptidase,,,,,,,pfam03510,Peptidase_C24 - 2C endopeptidase (C24) cysteine protease family,,,,,,,pfam03785,"Peptidase_C25_C - Peptidase family C25, C terminal ig-like domain",,,,,,,pfam05407,Peptidase_C27 - Rubella virus endopeptidase,,,,,,,pfam05408,Peptidase_C28 - Foot-and-mouth virus L-proteinase,,,,,,,pfam00548,Peptidase_C3 - 3C cysteine protease (picornain 3C),,,,,,,pfam05409,Peptidase_C30 - Coronavirus endopeptidase C30,,,,,,,pfam05410,Peptidase_C31 - Porcine arterivirus-type cysteine proteinase alpha,,,,,,,pfam05411,Peptidase_C32 - Equine arteritis virus putative proteinase,,,,,,,pfam05412,Peptidase_C33 - Equine arterivirus Nsp2-type cysteine proteinase,,,,,,,pfam05413,Peptidase_C34 - Putative closterovirus papain-like endopeptidase,,,,,,,pfam05415,Peptidase_C36 - Beet necrotic yellow vein furovirus-type papain-like endopeptidase,,,,,,,pfam05416,Peptidase_C37 - Southampton virus-type processing peptidase,,,,,,,pfam12381,Peptidase_C3G - Tungro spherical virus-type peptidase,,,,,,,pfam00863,Peptidase_C4 - Peptidase family C4,,,,,,,pfam05417,Peptidase_C41 - Hepatitis E cysteine protease,,,,,,,pfam05533,Peptidase_C42 - Beet yellows virus-type papain-like endopeptidase C42,,,,,,,pfam05543,Peptidase_C47 - Staphopain peptidase C47,,,,,,,pfam02902,"Peptidase_C48 - Ulp1 protease family, C-terminal catalytic domain",,,,,,,pfam00770,Peptidase_C5 - Adenovirus endoprotease,,,,,,,pfam03568,Peptidase_C50 - Peptidase family C50,,,,,,,pfam05550,Peptidase_C53 - Pestivirus Npro endopeptidase C53,,,,,,,pfam03416,Peptidase_C54 - Peptidase family C54,,1,,,,,pfam03290,Peptidase_C57 - Vaccinia virus I7 processing peptidase,,,,,,,pfam03543,Peptidase_C58 - Yersinia/Haemophilus virulence surface antigen,,,,,,,pfam00851,Peptidase_C6 - Helper component proteinase,,,,,,,pfam12380,Peptidase_C62 - Gill-associated viral 3C-like peptidase,,,,,,,pfam10275,Peptidase_C65 - Peptidase C65 Otubain,,,,,,,pfam01830,Peptidase_C7 - Peptidase C7 family,,,,,,,pfam12385,Peptidase_C70 - Papain-like cysteine protease AvrRpt2,,,,,,,pfam12386,Peptidase_C71 - Pseudomurein endo-isopeptidase Pei,,,,,,,pfam12387,Peptidase_C74 - Pestivirus NS2 peptidase,,,,,,,pfam07910,Peptidase_C78 - Peptidase family C78,,,,,,,pfam03569,Peptidase_C8 - Peptidase family C8,,,,,,,pfam11713,Peptidase_C80 - Peptidase C80 family,,,,,,,pfam01707,Peptidase_C9 - Peptidase family C9,,,,,,,pfam06035,Peptidase_C93 - Bacterial transglutaminase-like cysteine proteinase BTLCP,8,2,2,2,,,pfam05903,Peptidase_C97 - PPPDE putative peptidase domain,,,1,,,,pfam15499,"Peptidase_C98 - Ubiquitin-specific peptidase-like, SUMO isopeptidase",,,,,,,pfam11962,"Peptidase_G2 - Peptidase_G2, IMC autoproteolytic cleavage domain",,,,,,,pfam01433,Peptidase_M1 - Peptidase family M1,10,8,7,7,,,pfam00413,Peptidase_M10 - Matrixin,2,3,1,3,,,pfam08548,Peptidase_M10_C - Peptidase M10 serralysin C terminal,,,,2,,,pfam05548,Peptidase_M11 - Gametolysin peptidase M11,,,,,,,pfam01431,Peptidase_M13 - Peptidase family M13,5,1,6,2,,,pfam05649,Peptidase_M13_N - Peptidase family M13,9,3,4,2,,,pfam01427,Peptidase_M15 - D-ala-D-ala dipeptidase,1,,,,,,pfam05951,Peptidase_M15_2 - Bacterial protein of unknown function (DUF882),4,2,,4,,,pfam02789,"Peptidase_M17_N - Cytosol aminopeptidase family, N-terminal domain",5,2,2,3,1,,pfam02127,Peptidase_M18 - Aminopeptidase I zinc metalloprotease (M18),,,1,1,,,pfam01401,Peptidase_M2 - Angiotensin-converting enzyme,1,1,,,,,pfam07580,Peptidase_M26_C - M26 IgA1-specific Metallo-endopeptidase C-terminal region,,,,,,,pfam05342,Peptidase_M26_N - M26 IgA1-specific Metallo-endopeptidase N-terminal region,,,,,,,pfam01742,Peptidase_M27 - Clostridial neurotoxin zinc protease,,,,,,,pfam08439,Peptidase_M3_N - Oligopeptidase F,1,,,1,,,pfam10460,Peptidase_M30 - Peptidase M30,,,,1,,,pfam02102,Peptidase_M35 - Deuterolysin metalloprotease (M35) family,,,,,,,pfam02128,Peptidase_M36 - Fungalysin metallopeptidase (M36),,,,,,,pfam01447,"Peptidase_M4 - Thermolysin metallopeptidase, catalytic domain",2,,,,,,pfam02868,"Peptidase_M4_C - Thermolysin metallopeptidase, alpha-helical domain",2,,,,,,pfam05572,Peptidase_M43 - Pregnancy-associated plasma protein-A,,1,,,,,pfam03410,Peptidase_M44 - Protein G1,,,,,,,pfam03571,Peptidase_M49 - Peptidase family M49,1,,,,,,pfam12388,Peptidase_M57 - Dual-action HEIGH metallo-peptidase,,,,,,,pfam09471,Peptidase_M64 - IgA Peptidase M64,,,,,,,pfam10462,Peptidase_M66 - Peptidase M66,3,2,3,2,,,pfam02031,Peptidase_M7 - Streptomyces extracellular neutral proteinase (M7) family,,,,,,,pfam03411,Peptidase_M74 - Penicillin-insensitive murein endopeptidase,,,,,,,pfam09375,Peptidase_M75 - Imelysin,,,1,2,,,pfam09768,Peptidase_M76 - Peptidase M76 family,,,,,,,pfam01457,Peptidase_M8 - Leishmanolysin,,,,,,,pfam13678,Peptidase_M85 - NFkB-p65-degrading zinc protease,,,,,,,pfam01752,Peptidase_M9 - Collagenase,,,,,,,pfam08453,Peptidase_M9_N - Peptidase family M9 N-terminal,,,,,,,pfam06167,Peptidase_M90 - Glucose-regulated metallo-peptidase M90,,2,2,2,,,pfam14891,Peptidase_M91 - Effector protein,1,,,,,,pfam00768,Peptidase_S11 - D-alanyl-D-alanine carboxypeptidase,12,13,15,13,,,pfam00716,Peptidase_S21 - Assemblin (Peptidase family S21),,,,,,,pfam05577,Peptidase_S28 - Serine carboxypeptidase S28,,1,,,,,pfam02907,Peptidase_S29 - Hepatitis C virus NS3 protease,,,,,,,pfam00944,Peptidase_S3 - Alphavirus core protein,,,,,,,pfam01577,Peptidase_S30 - Potyvirus P1 protease,,,,,,,pfam05578,Peptidase_S31 - Pestivirus NS3 polyprotein peptidase S31,,,,,,,pfam05579,Peptidase_S32 - Equine arteritis virus serine endopeptidase S32,,,,,,,pfam05576,Peptidase_S37 - PS-10 peptidase S37,,,,,,,pfam02122,Peptidase_S39 - Peptidase S39,,,,,,,pfam10459,Peptidase_S46 - Peptidase S46,2,,,,,,pfam03574,Peptidase_S48 - Peptidase family S48,,,,,,,pfam08496,Peptidase_S49_N - Peptidase family S49 N-terminal,3,,,,,,pfam03575,Peptidase_S51 - Peptidase family S51,2,,,,,,pfam05580,Peptidase_S55 - SpoIVB peptidase S55,,,,,,,pfam02395,Peptidase_S6 - Immunoglobulin A1 protease,,,,,,,pfam08192,Peptidase_S64 - Peptidase family S64,,,,,,,pfam02016,Peptidase_S66 - LD-carboxypeptidase,5,2,2,2,,,pfam10461,Peptidase_S68 - Peptidase S68,,,,,,,pfam00949,"Peptidase_S7 - Peptidase S7, Flavivirus NS3 serine protease",1,,,,,,pfam13884,Peptidase_S74 - Chaperone of endosialidase,2,1,,1,,,pfam13611,"Peptidase_S76 - Serine peptidase of plant viral polyprotein, P1",,,,,,,pfam07230,Peptidase_S80 - Bacteriophage T4-like capsid assembly protein (Gp20),,,,,,,pfam02897,"Peptidase_S9_N - Prolyl oligopeptidase, N-terminal beta-propeller domain",4,,4,3,2,,pfam03419,Peptidase_U4 - Sporulation factor SpoIIGA,,,,,,,pfam10464,Peptidase_U40 - Peptidase U40,,,,,,,pfam10463,Peptidase_U49 - Peptidase U49,,,,,,,pfam05582,Peptidase_U57 - YabG peptidase U57,1,,,,,,pfam03420,Peptidase_U9 - Prohead core protein protease,1,,,,,,pfam09168,"PepX_N - X-Prolyl dipeptidyl aminopeptidase PepX, N-terminal",,,,,,,pfam05929,Phage_GPO - Phage capsid scaffolding protein (GPO) serine peptidase,,1,1,,,,pfam02244,Propep_M14 - Carboxypeptidase activation peptide,,,,,,,pfam08127,Propeptide_C1 - Peptidase family C1 propeptide,1,,,1,,,pfam06605,Prophage_tail - Prophage endopeptidase tail,,,,,,,pfam13574,Reprolysin_2 - Metallo-peptidase family M12B Reprolysin-like,,,,,,,pfam13582,Reprolysin_3 - Metallo-peptidase family M12B Reprolysin-like,1,2,,,,,pfam13583,Reprolysin_4 - Metallo-peptidase family M12B Reprolysin-like,1,,1,,,,pfam13688,Reprolysin_5 - Metallo-peptidase family M12,,,,,,,pfam06645,SPC12 - Microsomal signal peptidase 12 kDa subunit (SPC12),,,1,,,,pfam04573,SPC22 - Signal peptidase subunit,,,,,,,pfam06703,SPC25 - Microsomal signal peptidase 25 kDa subunit (SPC25),,2,,,,,pfam15638,Tox-MPTase2 - Metallopeptidase toxin 2,,,,,,,pfam15639,Tox-MPTase3 - Metallopeptidase toxin 3,,,,,,,pfam15640,Tox-MPTase4 - Metallopeptidase toxin 4,,,,,,,pfam15641,Tox-MPTase5 - Metallopeptidase toxin 5,,,,,,,pfam12580,TPPII - Tripeptidyl peptidase II,,,,,,,pfam12583,TPPII_N - Tripeptidyl peptidase II N terminal,,,,,,,pfam13645,"YkuD_2 - L,D-transpeptidase catalytic domain",,,,1,,,pfam04228,Zn_peptidase - Putative neutral zinc metallopeptidase,3,6,2,1,,,